timestamp,url
1614623143.857316,https://blogs.com/ac/nibh/fusce/lacus/purus.aspx?lacinia=eget&sapien=tincidunt&quis=eget&libero=tempus&nullam=vel
1614623143.857323,http://tinyurl.com/aliquet/massa.png?turpis=morbi&eget=quis&elit=tortor&sodales=id&scelerisque=nulla
1614623143.8573282,https://businesswire.com/odio/cras/mi.aspx?ante=a&vel=feugiat&ipsum=et&praesent=eros&blandit=vestibulum
1614623143.857334,https://pcworld.com/et.js?eleifend=volutpat&quam=dui&a=maecenas&odio=tristique&in=est
1614623143.857339,http://aol.com/nullam/molestie.json?congue=nullam&eget=varius&semper=nulla&rutrum=facilisi&nulla=cras
1614623143.857344,http://about.com/orci/luctus/et/ultrices.json?venenatis=ut&tristique=massa&fusce=quis&congue=augue&diam=luctus
1614623143.8573492,https://github.io/tincidunt/lacus/at.xml?dolor=amet&vel=eros&est=suspendisse&donec=accumsan&odio=tortor
1614623143.857354,https://home.pl/sit/amet/turpis/elementum/ligula.json?erat=dui&volutpat=proin&in=leo&congue=odio&etiam=porttitor
1614623143.85736,https://jimdo.com/erat/volutpat/in.js?justo=ultrices&aliquam=vel&quis=augue&turpis=vestibulum&eget=ante
1614623143.857365,https://blogspot.com/blandit/non/interdum/in/ante/vestibulum.jsp?pede=eget&venenatis=tincidunt&non=eget&sodales=tempus&sed=vel
1614623143.8573709,http://umich.edu/vulputate/luctus/cum/sociis/natoque/penatibus.jsp?consectetuer=nisi&eget=at&rutrum=nibh&at=in&lorem=hac
1614623143.857376,http://smh.com.au/tempor/convallis.xml?tristique=a&in=nibh&tempus=in&sit=quis&amet=justo
1614623143.857381,https://bigcartel.com/primis/in/faucibus/orci/luctus/et/ultrices.html?aenean=vulputate&lectus=vitae&pellentesque=nisl&eget=aenean&nunc=lectus
1614623143.857387,http://shutterfly.com/blandit.js?pede=sed&malesuada=vestibulum&in=sit&imperdiet=amet&et=cursus
1614623143.857392,https://netscape.com/lacinia/erat.jpg?mus=egestas&vivamus=metus&vestibulum=aenean&sagittis=fermentum&sapien=donec
1614623143.857398,https://shinystat.com/ultrices/posuere/cubilia/curae.png?pretium=vivamus&quis=tortor&lectus=duis&suspendisse=mattis&potenti=egestas
1614623143.8574028,https://cnbc.com/nisi/volutpat/eleifend/donec.jsp?in=penatibus&imperdiet=et&et=magnis&commodo=dis&vulputate=parturient
1614623143.857409,https://acquirethisname.com/proin/eu.html?nullam=vitae&porttitor=consectetuer&lacus=eget&at=rutrum&turpis=at
1614623143.857414,https://mit.edu/nisl/ut/volutpat.jpg?risus=amet&dapibus=turpis&augue=elementum&vel=ligula&accumsan=vehicula
1614623143.857419,https://wikipedia.org/curabitur/at/ipsum/ac.jsp?pharetra=porttitor&magna=lacus&vestibulum=at&aliquet=turpis&ultrices=donec
